wady,wadies
pietra,pietre
vlakte,vlaktes
silenus,sileni
frenum,frena
paranucleus,paranuclei
Norman,Normans
chromonema,chromonemata
ispravnik,ispravniks
osteoma,osteomata
kantharos,kantharoi
contadino,contadini
soralium,soralia
penny,pennies
rondo,rondos
interregnum,interregnums
planula,planulae
kioko,kiokos
haddock,haddocks
hernia,hernias
Lorrainese,Lorrainese
mezzo-rilievo,mezzo-rilievos
fasciculus,fasciculi
scotoma,scotomas
thraso,thrasoes
teratoma,teratomata
set-to,set-tos
proseucha,proseuchae
caffe ristretto,caffe ristrettos
Barquisimeto,Barquisimetos
gluteus,glutei
scyphus,scyphi
programma,programmata
franc-archer,franc-archers
varix,varices
bel-esprit,beaux esprits
ballista,ballistas
regma,regmata
contretemps,contretemps
responsum,responsa
epilimnion,epilimnia
genie,genies
likuta,makuta
arcosolium,arcosolia
Cassinese,Cassinese
falx,falces
plica,plicae
intervallum,intervallums
ala,alae
niello,niellos
villanella,villanelle
faveolus,faveoli
ramulus,ramuli
giuncus,giunchi
money,monies
Gestapo,Gestapos
batz,batzes
hippocampus,hippocampi
pueblo,pueblos
condo,condos
abortorium,abortoria
zucchini,zucchinis
aficionado,aficionados
postulatum,postulata
soprano,sopranos
series,series
rite de passage,rites de passage
viale,viali
tango,tangos
rejon,rejones
equinoctium,equinoctiums
usnea,usneas
leptospira,leptospirae
louse,lice
stroma,stromata
intaglio,intaglios
microcephalus,microcephali
stoma,stomas
septenarius,septenarii
retinaculum,retinacula
tour de force,tours de force
Cantonese,Cantonese
panorpa,panorpae
simpulum,simpula
mustachio,mustachios
edema,edemas
marquis,marquises
noctiluca,noctilucae
enteron,entera
symplasma,symplasmata
epiphenomenon,epiphenomena
tempietto,tempietti
legionella,legionellae
logodaedalus,logodaedali
4 star general,4 star generals
septum,septa
follis,folles
menage a trois,menages a trois
phalanx,phalanxes
locus,loci
staphylococcus,staphylococci
verticillus,verticilli
seecatch,seecatchie
Esperanto,Esperantos
urus,uruses
indicium,indicia
penis,penises
waldo,waldos
bregma,bregmata
woman servant,women servants
stimulus,stimuli
ruga,rugae
res,res
Majuro,Majuros
glochidium,glochidia
alveolus,alveoli
profluvium,profluvia
indusium,indusia
calamistrum,calamistra
man-child,men-children
trousers,trousers
octohedron,octohedrons
whosever,whosever
parador,paradors
melastoma,melastomas
ragazza,ragazze
inoculum,inocula
minutia,minutias
torma,tormas
helix,helices
suppositum,supposita
phyllobranchia,phyllobranchiae
osteoclastoma,osteoclastomas
sterigma,sterigmata
verso,versos
acarus,acari
scolex,scoleces
Purum,Purums
protarsus,protarsi
Ningbo,Ningbos
fedai,fedais
allegro,allegros
vertebra,vertebrae
paraganglioma,paragangliomas
salivarium,salivaria
sciolus,scioli
calathus,calathi
Malabarese,Malabarese
Pardusco,Parduscos
loa,loas
tegmentum,tegmenta
stylopodium,stylopodia
zitella,zitelle
quinarius,quinarii
sericterium,sericteria
elf,elves
uomo universale,uomini universali
acropolis,acropolises
summum bonum,summa bona
casus belli,casus belli
jerry,jerries
terrae filius,terrae filii
denarius,denarii
metropolis,metropolises
mesothelium,mesothelia
meatus,meatuses
zizz,zizzes
diplococcus,diplococci
yo yo,yo yos
pseudopodium,pseudopodia
talouse,talouses
vagus,vagi
1-star general,1-star generals
pedicellaria,pedicellariae
ipse dixit,ipse dixits
logo,logos
secans,secantes
Alfurese,Alfurese
Lyonese,Lyonese
Sundanese,Sundanese
washer-up,washers-up
desma,desmas
filaria,filarias
nodus,nodi
she,they
moscardino,moscardini
I,we
coma,comae
protypon,protypa
ploshchadka,ploshchadki
furioso,furiosos
chateau,chateaux
itself,themselves
alguacil,alguacils
pingo,pingos
maximum,maximums
Greensboro,Greensboros
heroon,heroa
aculeus,aculei
Annamese,Annamese
livedo,livedos
epididymis,epididymises
molimen,molimina
lux,lux
portico,porticos
pneumothorax,pneumothoraxes
mine,ours
bilbo,bilboes
syncellus,syncelli
pleura,pleura
coz,cozes
mare,mares
alias,aliases
sago,sagos
avocado,avocados
fidei defensor,fidei defensores
fioritura,fioriture
port de bras,ports de bras
generalissimo,generalissimos
man-servant,men-servants
honorarium,honorariums
loaf,loaves
phenomenon,phenomena
fabella,fabellae
paries,parietes
guglio,guglios
sambo,sambos
Macanese,Macanese
perithecium,perithecia
stephanion,stephanions
nauplius,nauplii
neuma,neumas
diastema,diastemata
ranunculus,ranunculuses
tarantato,tarantati
hinaki,hinaki
monorchis,monorchides
pincer,pincers
fungus,funguses
osculum,oscula
mezuzah,mezuzoth
designatum,designata
brother german,brothers german
gumma,gummas
amentum,amenta
pleuron,pleura
ruse de guerre,ruses de guerre
germarium,germaria
Sogdianese,Sogdianese
glass,glasses
plasmalemma,plasmalemmas
pala,palae
porcino,porcini
Tyrolese,Tyrolese
diabetes,diabetes
monstre sacre,monstres sacres
concetto,concetti
caddis,caddises
scolopidium,scolopidia
Singhalese,Singhalese
pomme de terre,pommes de terre
yarraman,yarramen
nymphaeum,nymphea
limo,limos
propylon,propylons
triforium,triforia
woman child,women children
aide-de-camp,aides-de-camp
Avignonese,Avignonese
tremolo,tremolos
metatarsus,metatarsi
pedion,pedia
scudo,scudi
larynx,larynges
scuola,scuole
index,indexes
suggestio falsi,suggestiones falsi
fabliau,fabliaux
bursch,burschen
Andamanese,Andamanese
interaxis,interaxes
zadruga,zadrugas
rimon,rimonim
tholos,tholoi
Angolese,Angolese
syrphus,syrphi
valvula,valvulae
Ferrarese,Ferrarese
Torino,Torinos
jalapeno,jalapenos
tipula,tipulae
hetaira,hetaerae
zoosporangium,zoosporangia
Polonese,Polonese
substratum,substratums
that,those
lorum,lora
tractatrix,tractatrices
hemangioma,hemangiomas
utricularia,utriculariae
aureus,aurei
heft,hefte
timpano,timpanos
rotula,rotulae
rem,rems
archipelago,archipelagos
appressorium,appressoria
tomato,tomatoes
messa di voce,messe di voce
amphora,amphorae
nemathecium,nemathecia
colonel general,colonel generals
Bamako,Bamakos
prothallium,prothallia
louis,louis
velamen,velamina
beef,beefs
pragma,pragmas
gyrus,gyri
iter,iters
agent provocateur,agents provocateurs
idolum,idola
summa,summae
hoti,hoties
musee imaginaire,musees imaginaires
lomentum,lomenta
Milanese,Milanese
terp,terps
blastema,blastemata
Messinese,Messinese
fizz,fizzes
whom,whom
maxilla,maxillae
arista,aristae
abortus,abortuses
cul de lampe,culs de lampe
zuppa,zuppe
Otomi,Otomies
rhino,rhinos
prosecutrix,prosecutrices
Tenggerese,Tenggerese
uncia,unciae
glissando,glissandos
callus,calluses
diverticulum,diverticula
Kosovo,Kosovos
vaginula,vaginulae
atlas,atlases
agora,agorae
techno,technos
interstitium,interstitiums
eyas,eyases
strobila,strobilae
fibula,fibulas
hymnarium,hymnaria
three-star general,three-star generals
papyrus,papyruses
one,some
monoxylon,monoxyla
arboretum,arboreta
alluvium,alluviums
thebe,thebe
Santiago,Santiagos
trapezius,trapezii
parenchyma,parenchymata
moaks,moakses
tetragrammaton,tetragrammata
tetracolon,tetracola
schema,schemas
pastorale,pastorales
dreikanter,dreikanters
favella,favellae
sedes,sedes
finger-end,finger-ends
venus,venuses
stria,striae
pollinium,pollinia
Monaco,Monacos
cuspis,cuspides
streptothrix,streptothrices
sustentaculum,sustentacula
torus,toruses
lixivium,lixivia
miasma,miasmas
ballata,ballate
praecognitum,praecognita
veduta,vedutas
yuo,yuon
triplum,tripla
vitellarium,vitellaria
hsien,heen
talus,tali
patera,paterae
opus magnum,opera magna
pajamas,pajamas
stigma,stigmas
bodegon,bodegones
volcanello,volcanelli
pizza,pizzas
Spaetlese,Spaetlesen
hydraulicon,hydraulica
Azerbaijanese,Azerbaijanese
nebenkern,nebenkerne
set out,set outs
bubo,buboes
manchild,menchildren
fermata,fermatas
samurai,samurai
salmon,salmon
leprosarium,leprosaria
criterion,criteria
ricercata,ricercate
libero,liberos
lochus,lochi
shad,shads
sema,semas
saffo,saffi
fish,fish
scherzando,scherzandos
stipes,stipites
sarissa,sarissae
lord-lieutenant,lord-lieutenants
souvlaki,souvlakis
phoca,phocas
lowlife,lowlifes
Lesotho,Lesothos
fascia,fascias
tessella,tessellas
tenorino,tenorini
plectrum,plectra
Nipponese,Nipponese
aecidium,aecidia
tabula,tabulae
plethron,plethra
ambo,ambos
octopus,octopuses
halteridium,halteridia
Japanese,Japanese
paxilla,paxillae
thymus,thymi
proferens,proferentes
Chicago,Chicagos
nectocalyx,nectocalyces
termes,termites
Draco,Dracos
pilus,pili
nucleus,nuclei
metapleuron,metapleura
aggro,aggros
tazza,tazze
quantum,quantums
starfish,starfishes
syringe,syringes
mary,maries
pleco,plecos
ditto,dittos
podetium,podetia
prosa,prosae
magnifico,magnificos
hypha,hyphae
man-midwife,men-midwives
chapplis,chapplies
secundigravida,secundigravidas
Pangasinan,Pangasinans
coxendix,coxendices
frate,frati
trellis,trellises
fowl,fowls
progymnasium,progymnasia
aptychus,aptychi
cello,cellos
Jerry,Jerrys
Vietnamese,Vietnamese
mews,mews
tenuis,tenues
Antananarivo,Antananarivos
referendum,referendums
hippo,hippos
scazon,scazontes
taenia,taenias
lf,lves
Quito,Quitos
buffalo,buffalos
maestro,maestros
wharf,wharfs
stromodeum,stromodea
remex,remexes
shauri,shauris
striga,strigae
belle epoque,belle epoques
nympha,nymphae
tetrahedron,tetrahedrons
chrysalis,chrysalises
agend,agends
strategos,strategoi
entrochus,entrochi
nuntius,nuntii
parc ferme,parcs fermes
trabea,trabeae
felo-de-se,felos-de-se
faciendum,facienda
white staff,white staves
Nakayaman,Nakayamans
interambulacrum,interambulacra
synaxis,synaxes
biscotto,biscotti
tenaculum,tenacula
six-star general,six-star generals
Hararese,Hararese
flamenco,flamencos
bimbo,bimbos
mater lectionis,matres lectionis
Yokohaman,Yokohamans
Morocco,Moroccos
fuzz,fuzzes
fibroma,fibromata
vinculum,vincula
pensiero,pensieri
serum,serums
rostrum,rostrums
cosmos,cosmoses
collegium musicum,collegia musica
muzz,muzzes
vers libre,vers libres
dynamo,dynamos
3 star general,3 star generals
statua,statuas
cardophagus,cardophagi
proboscis,proboscises
caryopsis,caryopsides
Modenese,Modenese
simulacrum,simulacrums
virus,viruses
pyramidion,pyramidions
macho,machos
shears,shears
Timorese,Timorese
nenets,nentsi
anacoluthon,anacoluthons
oedema,oedemas
hapax legomenon,hapax legomenons
concertino,concertinos
her,them
bronchus,bronchi
bel homme,beaux hommes
stabilimentum,stabilimenta
Iquico,Iquicos
loma,lomata
hertz,hertz
epicardium,epicardia
cochito,cochitos
tegula,tegulae
oxybaphon,oxybapha
papula,papulae
turron,turrons
photo,photos
bateau,bateaux
Arakanese,Arakanese
mediastinum,mediastina
sarcina,sarcinae
sol,soles
intercalarium,intercalaria
supernova,supernovas
vivarium,vivariums
secundipara,secundiparas
poblador,pobladores
ignoramus,ignoramuses
sizz,sizzes
brigadier general,brigadier generals
succinea,succineas
velum,velums
army-corps general,army-corps generals
pinto,pintos
conductus,conducti
modernus,moderni
turf,turfs
flabellum,flabella
unguis,ungues
extremum,extremums
pluteus,plutei
autobahn,autobahns
seed,seeds
vas,vasa
zygoma,zygomas
trousseau,trousseaus
depositum,depositums
vetturino,vetturini
Mexico,Mexicos
vis,vires
sympodium,sympodia
axis,axes
deer,deer
Guianese,Guianese
Bhutanese,Bhutanese
Pistoiese,Pistoiese
megalosaurus,megalosauri
mukim,mukims
fibra,fibrae
blitz,blitzes
monseigneur,monsiegneurs
tintinnabulum,tintinnabula
mafioso,mafiosi
prospectus,prospectuses
senex,senes
spermogonium,spermogonia
Carlylese,Carlylese
bravo,bravos
matinee musicale,matinees musicales
tetanothrum,tetanothra
terzetto,terzetti
aphelion,aphelia
trapezium,trapeziums
rectus,recti
roe,roes
kar,kars
drama,dramas
olfactorium,olfactoria
vortex,vortexes
hero,heroes
Cairo,Cairos
Mary,Marys
triumvir,triumvirs
valuta,valute
panto,pantos
brachiopod,brachiopods
bureau,bureaus
putto,putti
alumna,alumnae
alto,altos
bifolium,bifolia
kletterschuh,kletterschuhe
ataman,atamans
euro,euros
spiraculum,spiracula
jambeau,jambeaus
coe,coes
prototypon,prototypons
oregano,oreganos
apothecium,apothecia
fulcrum,fulcra
xiphopagus,xiphopagi
perradius,perradii
crescendo,crescendos
Veronese,Veronese
solo,solos
oculus,oculi
ultimatum,ultimatums
zeppole,zeppoli
anthemion,anthemia
lido,lidos
zygantrum,zygantra
Romany,Romanies
spasmus,spasmi
osmaterium,osmateria
judas,judases
intichiuma,intichiuma
aegis,aegises
Malabo,Malabos
struma,strumae
polo,polos
Sarawakese,Sarawakese
stryddag,stryddae
plasmolyticum,plasmolytica
topos,topoi
duumvir,duumvirs
castrato,castrati
bingo,bingos
directrix,directrices
lis,lisses
tepidarium,tepidaria
haggis,haggis
trullo,trulli
palpebra,palpebrae
ascidium,ascidia
rejoneador,rejoneadores
diporpa,diporpae
urodeum,urodea
basso,bassos
spectrum,spectrums
frottola,frottole
spirillum,spirilla
coitus,coituses
ancona,ancone
whomever,whomever
subsellium,subsellia
simplex,simplexes
woman-child,women-children
gumbo,gumbos
Orlando,Orlandos
bylina,bylinas
hydra,hydras
equisetum,equisetums
sorus,sori
pina colada,pina coladas
opusculum,opuscula
mitochondrion,mitochondria
purum,purums
innings,innings
snekkja,snekkjur
thesaurus,thesauruses
Oklahoman,Oklahomans
Liman,Limans
interleaf,leaves
clepsydra,clepsydras
Pluto,Plutos
set-out,set-outs
addendum,addendums
tornus,torni
stipula,stipulas
mumps,mumps
symposium,symposiums
rara avis,rara avises
entente cordiale,ententes cordiales
lipoma,lipomata
ephelis,ephelides
unio,unios
scarabaeus,scarabaei
German,Germans
zoophorus,zoophori
Roman,Romans
lapith,lapiths
dichasium,dichasia
improperium,improperia
Bostonese,Bostonese
grotto,grottos
tablinum,tablina
mortarium,mortaria
pecten,pectens
sforzato,sforzatos
Auslese,Auslesen
zooecium,zooecia
credo,credos
denotatum,denotata
neurula,neurulae
quid,quid
autochthon,autochthons
mantis,mantises
hypnum,hypnums
trout,trout
palus,pali
eros,eroses
enconium,enconiums
malum in se,mala in se
carte-de-visite,cartes-de-visite
abacus,abacuses
pyrexia,pyrexiae
corpus,corpuses
franc archer,franc archers
nerita,neritas
strategus,strategi
euporiston,euporista
relatum,relata
rideau,rideaus
cul-de-four,culs-de-four
apterium,apteria
star-fish,star-fishes
limulus,limuli
pasteurella,pasteurellas
antefix,antifixes
columbarium,columbaria
crafts child,crafts childer
ballabile,ballabili
testes,testes
nucleolus,nucleoluses
staccato,staccatos
capataz,capataces
digitalis,digitalises
lens,lenses
fenestra,fenestrae
obelus,obeli
siliqua,siliquae
contralto,contraltos
Guaiabero,Guaiaberos
man,men
Wenchowese,Wenchowese
Torinese,Torinese
stillicidium,stillicidia
pelvis,pelvises
djinn,djinns
violetta,violette
monimolimnion,monimolimnia
siphunculus,siphunculi
man midwife,men midwives
impetigo,impetigos
grouse,grouses
retinula,retinulae
serpigo,serpigoes
mons,montes
tubulus,tubuli
alumnus,alumni
falsetto,falsettos
arrha,arrhae
puttony,puttonys
co,coes
moroso,morosi
zoon,zoa
gubernaculum,gubernacula
amoretto,amoretti
ellipsis,ellipses
cassone,cassones
tegmen,tegmina
Chimango,Chimangos
voeu,voeux
thanatorium,thanatoria
soldo,soldi
favissa,favissae
phyogemmarium,phyogemmaria
mausoleum,mausoleums
hippopotamus,hippopotamuses
geisteswissenschaft,geisteswissenschaften
paparrazo,paparrazi
cactus,cactuses
morceau,morceaux
felo de se,felos de se
prothallus,prothalli
allargando,allargandi
primigravida,primigravidae
shifta,shiftas
rhombohedron,rhombohedrons
mezzo rilievo,mezzo rilievos
six star general,six star generals
sgraffiato,sgraffiati
Milano,Milanos
pinon,pinons
human,humans
Indochinese,Indochinese
murex,murexes
phyle,phylae
chapeau,chapeaux
cinclis,cinclides
proscenium,proscenia
bream,bream
datum,data
indumentum,indumenta
woman-servant,women-servants
lumen,lumens
Biro,Biros
primordium,primordia
lieutenant general,lieutenant generals
grano,grani
Lapponese,Lapponese
baal,baals
grissino,grissini
Kongolese,Kongolese
Sapporo,Sapporos
offspring,offspring
pontifex,pontifexes
zophorus,zophori
abscissa,abscissas
novus homo,novi homines
lobulus,lobuli
gonidium,gonidia
sarcoma,sarcomas
metro,metros
Sudanese,Sudanese
uncus,unci
axon,axons
dogma,dogmas
familia,familiae
insula,insulae
phallos,phalloi
differentia,differentiae
magneto,magnetos
salvo,salvos
phragma,phragmata
cargador,cargadores
idolon,idola
gorgonia,gorgonias
tetrasporangium,tetrasporangia
scapus,scapi
tiro,tiros
umbo,umbos
succubus,succubuses
line out,line outs
claustrum,claustra
municipium,municipia
amphipneust,amphipneusts
minyan,minyanim
ballerina,ballerinas
procoelia,procoeliae
progymnasma,progymnasmata
lacinia,laciniae
pipkrake,pipkrakes
sestiere,sestieri
vasculitis,vasculitises
cimex,cimices
ligamentum,ligamenta
beau geste,beau gestes
Virgo,Virgos
rhopalium,rhopalia
lex humana,leges humanae
parnass,parnassim
maar,maars
Shawanese,Shawanese
violoncello,violoncellos
rype,ryper
melanoma,melanomas
auto,autos
Piedmontese,Piedmontese
bechuana,bechuanas
cathisma,cathismata
antenna,antennas
Nepalese,Nepalese
interrex,interreges
divisional general,divisional generals
Madurese,Madurese
tergum,terga
trochus,trochuses
solfeggio,solfeggios
caryatid,caryatids
wildebeest,wildebeests
starover,starovers
tabella,tabellae
-ox,-oxen
representamen,representamens
terramara,terremare
beau,beaus
Congolese,Congolese
lithophyton,lithophyta
menage a quatre,menages a quatre
bona fides,bonis fidebus
chlamydia,chlamydias
cheval de bataille,chevaux de bataille
alula,alulae
caiman,caimans
four star general,four star generals
calypso,calypsos
set to,set tos
contrafactum,contrafacta
millennium,millenniums
bass,basses
femur,femurs
supercilium,supercilia
perikaryon,perikarya
yours,yours
separatrix,separatrices
pulveratrix,pulveratrices
zoea,zoeas
haemangioma,haemangiomas
captain general,captain generals
bajocco,bajocchi
pecia,pecias
cysticercus,cysticerci
sternebra,sternebrae
theca,thecae
sabertooth,sabertooths
theirs,theirs
emporium,emporiums
ibis,ibises
torero,toreros
Swahilese,Swahilese
blue,blues
surculus,surculi
lingula,lingulae
epyllion,epyllia
waltz,waltzes
dilettante,dilettantes
tongs,tongs
6-star general,6-star generals
troparion,troparia
scalenus,scaleni
ski,skis
bel esprit,beaux esprits
actinia,actinias
Balinese,Balinese
gemma,gemmae
cortex,cortexes
child,children
delirium,deliriums
meris,merides
meshummad,meshummadim
nagaika,nagaikas
exemplum,exempla
whatsoever,whatsoever
summum genus,summa genera
penicillus,penicilli
tessera,tesserae
flora,floras
joe,joes
wandervogel,wandervogel
otomi,otomies
terminus,terminuses
serra,serrae
herr,herren
modulus,moduluses
prosodiencephalon,prosodiencephala
polis,polises
salita,salitas
viscus,viscera
aviso,avisos
stirps,stirpes
whosoever,whosoever
2-star general,2-star generals
hemi-elytrum,hemi-elytra
proavis,proaves
it,they
desman,desmans
kuvasz,kuvaszok
pant,pants
ergastulum,ergastula
ephemeris,ephemerises
kovsh,kovshi
leptomonas,leptomonas
Bahaman,Bahamans
corgi,corgis
port a beul,puirt a beul
portmanteau,portmanteaus
plasmodium,plasmodia
inhalatorium,inhalatoria
parapleura,parapleura
bronchitis,bronchitises
tholus,tholi
micronucleus,micronuclei
shawabti,shawabtis
sassafras,sassafrases
Whitmanese,Whitmanese
they,they
propylaeum,propylaea
umbra,umbras
port-a-beul,puirt-a-beul
stylo,stylos
siglos,sigli
scissors,scissors
musa,musas
vacuum,vacuums
portrait parle,portraits parles
sistrum,sistrums
plenarium,plenaria
himself,themselves
sputum,sputa
rad,rads
judicatum,judicata
snooze,snoozes
ellipse,ellipses
starets,startsy
theologoumenon,theologoumena
cumulus,cumuli
scarus,scari
cicatrix,cicatrices
exanthema,exanthemata
glacis,glacises
perceptum,percepta
testudo,testudos
paha,paha
phyma,phymata
synaesthesia,synaesthesiae
Tokyo,Tokyos
legumen,legumens
proceedings,proceedings
stylus,styluses
agrogorod,agrogoroda
heroum,heroa
rhinoceros,rhinoceroses
motoscafo,motoscafi
phren,phrenes
simia,simiae
naumachia,naumachias
kibbutz,kibbutzes
synaxarium,synaxaria
herring,herrings
clippers,clippers
stalactite,stalactites
residuum,residuums
quaesitum,quaesita
vehiculum,vehicula
Aragonese,Aragonese
man child,men children
sacrarium,sacraria
lamina,laminae
torso,torsos
sparus,spari
die,dice
karakia,karakias
superstratum,superstrata
candelabrum,candelabra
pyrites,pyritae
burro,burros
phototaxis,phototaxes
asterias,asteriae
phallus,phalluses
conversazione,conversaziones
synthronus,synthroni
situla,situlas
cony,conys
swine,swine
frustulum,frustula
porion,poria
maremma,maremme
sagum,saga
lamella,lamellae
propositus,propositi
ustilago,ustilagines
aurora,auroras
squama,squamae
Tornese,Tornesi
Javanese,Javanese
carte de visite,cartes de visite
onager,onagers
nasutus,nasuti
Yunnanese,Yunnanese
placebo,placebos
tentaculum,tentacula
medium,mediums
clausula,clausulae
Taiko,Taikos
senarius,senarii
mythos,mythoi
rhododendron,rhododendrons
flag staff,flag staffs
debris,debris
starosta,starosti
Sonaman,Sonamans
lyssa,lyssae
leishmania,leishmanias
mediatrix,mediatrices
plurale tantum,pluralia tantum
ricordo,ricordi
helion,helions
coup d'etat,coup d'etat
funambulus,funambuli
uomo,uomini
bratwurst,bratwursts
acroama,acroamata
shear,shears
serir,serirs
cul de sac,culs de sac
stichos,stichoi
consortium,consortiums
ixodid,ixodides
medulloblastoma,medulloblastomas
corps general,corps generals
topaz,topazes
konditorei,konditorei
menu,menus
remous,remous
tympanum,tympana
Tocharese,Tocharese
Selman,Selmans
jo,joes
pangasinan,pangasinans
switchfoot,switchfoots
alto-relievo,alto-relievos
trauma,traumas
medico,medicos
syntagma,syntagmas
scutum,scuta
saxicava,saxicavae
occiput,occiputs
clipper,clippers
tractrix,tractrices
eucalyptus,eucalyptuses
hubris,hubrises
varia lectio,variae lectiones
pollex,pollices
5-star general,5-star generals
storey,storeys
hyperbola,hyperbolas
vomitorium,vomitoriums
pistillidium,pistillidia
moratorium,moratoriums
Romanese,Romanese
seaquarium,seaquaria
epimeron,epimera
vena,venae
pengo,pengo
ocellus,ocelli
Yengeese,Yengeese
volcano,volcanos
guttus,gutti
man servant,men servants
corrigendum,corrigenda
weirdo,weirdos
hallux,halluces
eland,elands
listerella,listerellas
omentum,omenta
pholas,pholades
semuncia,semunciae
five-star general,five-star generals
me,us
teal,teals
hiatus,hiatuses
spermarium,spermaria
ovum,ova
turbot,turbots
Celanese,Celanese
synaxarion,synaxaria
fucus,fuci
geisha,geishas
chaos,chaoses
anti-serum,anti-serums
chervonetz,chervontzi
antrum,antra
three star general,three star generals
Heavenese,Heavenese
corpus vile,corpora vilia
pox,pox
phlegmasia,phlegmasiae
obolus,oboli
Kanarese,Kanarese
bema,bemas
canvas,canvases
tete-a-tete,tete-a-tetes
fundamentum divisionis,fundamenta divisionis
agendum,agenda
aide de camp,aides de camp
desideratum,desiderata
ceriman,cerimans
stoa,stoas
diploma,diplomas
punto blanco,puntos blancos
tete a tete,tete a tetes
mango,mangos
breech,breeches
Portuguese,Portuguese
telium,telia
Galla,Gallas
flatus,flatuses
goy,goys
he,they
sceat,sceattas
villus,villi
zero,zeros
adytum,adyta
numen,numina
anathema,anathemas
hamadryad,hamadrayads
Sinhalese,Sinhalese
noxa,noxae
buzz,buzzes
zuz,zuzzes
taxon,taxa
Lucchese,Lucchese
sperma,spermata
Hunanese,Hunanese
premier danseur,premiers danseurs
tortilla espanola,tortillas espanolas
gastrocnemius,gastrocnemii
uraeus,uraei
paisa,paisas
hemelytrum,hemelytra
parapsis,parapsides
chintz,chintzes
improvisatrice,improvisatrici
seminium,seminia
court-martial,court-martials
terebellum,terebella
quadratrix,quadratrices
aquarium,aquariums
him,them
veg,veges
asbestos,asbestoses
temblor,temblores
mucro,mucros
villino,villini
Oslo,Oslos
commanding general,commanding generals
bison,bisons
furfur,furfures
endothelioma,endotheliomata
sternum,sternums
crusta,crustae
pinetum,pinetums
thaumaturgus,thaumaturgi
tyro,tyros
spiculum,spicula
thalamos,thalamoi
anlage,anlages
chromidium,chromidia
podium,podiums
whatever,whatever
columna,columnae
prosopium,prosopia
crafts-child,crafts-childer
dolman,dolmans
humerus,humeri
amicus curiae,amici curiae
frustum,frustums
redia,rediae
treponema,treponemata
potato,potatoes
talea,taleae
nouvel arrive,nouveaux arrives
stratum,stratums
syrtis,syrtes
fungo porcino,funghi porchini
uredosorus,uredosori
foot,feet
branchiopod,branchiopods
centesimo,centesimi
cyphella,cyphellae
yourself,yourselves
lepton,lepta
tarsus,tarsi
holothuria,holothurias
Shavese,Shavese
hypoderma,hypodermata
star fish,star fishes
tropaeolum,tropaeolums
Senegalese,Senegalese
tetrapleuron,tetrapleurons
neuroma,neuromata
angustia,angustiae
Siamese,Siamese
superficies,superficies
emblema,emblememata
multigravida,multigravidas
themselves,themselves
sphinx,sphinxes
sensum,sensa
nouveau riche,nouvelle riche
proglottis,proglottides
yo,yoes
congius,congii
Rom,Roma
adviso,advisoes
terrazzo,terrazzos
ossiculum,ossicula
Sangirese,Sangirese
moe,moes
proprium,propria
cardo,cardines
you,you
pickerel,pickerels
piano,pianos
fomes,fomites
1 star general,1 star generals
Porto,Portos
ghetto,ghettos
sulcus,sulci
corgy,corgys
protonema,protonemata
speculum,speculums
line-out,line-outs
codex,codices
virtuoso,virtuosos
minnelied,minnelieder
purlieu,purlieus
this,these
lox,loxes
nodum,noda
tibia,tibiae
Pekingese,Pekingese
seraph,seraphs
blin,blinis
chorda,chordae
Bengalese,Bengalese
caulis,caules
carp,carp
sententia,sententiae
lustrum,lustrums
stela,stelas
po,poes
hordeolum,hordeola
torula,torulae
graffito,graffiti
hoe,hoes
teredo,teredos
interphenomenon,interphenomena
tentamen,tentamina
prosula,prosulae
Kinkimavo,Kinkimavos
breeches,breeches
persona,personas
jumbo,jumbos
proviso,provisos
pyjamas,pyjamas
person,people
trichoma,trichomata
stichidium,stichidia
so,soes
lemur,lemurs
nebula,nebulas
palpus,palpi
cyano,cyanos
vibrio,vibrios
ambuscado,ambuscados
suggestum,suggestums
sterno,sternos
stella,stellae
Sienese,Sienese
zygon,zyga
Foochowese,Foochowese
gliosarcoma,gliosarcomata
pteryla,pterylae
gigolo,gigolos
one star general,one star generals
ado,ados
stadium,stadiums
espanol,espanoles
memo,memos
cabaletta,cabalettas
micro,micros
tonneau,tonneaus
spermatheca,spermathecae
cul-de-lampe,culs-de-lampe
4-star general,4-star generals
Americanese,Americanese
gravamen,gravamina
themself,themselves
chorus,choruses
trichidium,trichidia
meretrix,meretrices
manservant,menservants
Lebanese,Lebanese
dictum,dictums
synangium,synangia
bandit,bandits
limbo,limbos
pullus,pulli
lemniscus,lemnisci
synesthesia,synesthesiae
clostridium,clostridia
mafiosa,mafiose
caduceus,caducei
aphis,aphides
psydracium,psydracia
who,who
septemvir,septemviri
comatula,comatulae
stemma,stemmata
modius,modii
cremaster,cremasters
figurante,figurantes
jeu,jeux
asylum,asylums
prolabium,prolabia
gallows,gallows
flocculus,flocculi
whiting,whiting
route nationale,routes nationales
coccidium,coccidia
glomus,glomera
inferno,infernos
spondylus,spondyli
sotch,sotches
bozzetto,bozzetti
rabies,rabies
set-off,set-offs
bathos,bathoses
Colorado,Colorados
terebratula,terebratulas
tuberculum,tubercula
trachea,tracheae
cecidium,cecidia
intermedium,intermedia
auto-de-fe,auto-de-fes
solenium,solenia
inukshuk,inukshuit
umwelt,umwelten
magilus,magili
divertimento,divertimentos
regulus,reguli
rezidentsia,rezidentsii
vitta,vittae
erratum,errata
cyathus,cyathi
schizostylis,schizostylis
bhikshu,bhikshus
britches,britches
evirato,evirati
herpes,herpes
yoe,yoes
isidium,isidia
graben,grabens
kobo,kobo
opus,opuses
septarium,septaria
limax,limaces
talisman,talismans
staretz,startzy
gens,gentes
scirrhus,scirrhusses
flounder,flounder
reductio,reductiones
gladiolus,gladioluses
rezident,rezidenty
karrenfeld,karrenfelds
leu,lei
mo,moes
pied a terre,pieds a terre
isthmus,isthmuses
syphiloma,syphilomata
tableau,tableaus
protoma,protomas
maecenas,maecenases
Bolzano,Bolzanos
rubashka,rubashkas
aboiteau,aboiteaus
convolvulus,convolvuluses
eunuch,eunuchs
Camaldolese,Camaldolese
uredium,uredia
stolo,stolones
canto,cantos
armadillo,armadillos
mortadella,mortadellas
Kiplingese,Kiplingese
feis,fess
lentigo,lentigines
albergo,alberghi
nidus,niduses
Toronto,Torontos
tuna,tuna
prepenna,prepennae
parapleurum,parapleura
cantus,cantuses
loggia,loggias
internodium,internodia
crista,cristae
torulus,toruli
sinfonia,sinfonias
poe,poes
cod,cod
pectus,pectora
wolf,wolves
vila,vilas
meshumad,meshumadim
adminiculum,adminicula
Muqdisho,Muqdishos
Atlas,Atlantes
sombrero,sombreros
ho,hoes
pediluvium,pediluvia
axopodium,axopodia
tsubo,tsubos
linctus,linctuses
ale wife,ale wives
soe,soes
dumka,dumkas
prora,prorae
imago,imagos
razz,razzes
poculum,pocula
caecum,caeca
infima species,infimae species
monota,monotae
craft,craft
pifferaro,pifferari
epithelioma,epitheliomata
ostium,ostia
bijou,bijoux
oath,oaths
postpubis,postpubes
Achinese,Achinese
Burmese,Burmese
halibut,halibuts
Maltese,Maltese
path,paths
man-milliner,man-milliners
myeloma,myelomas
ex,exes
prokaryon,prokarya
typo,typos
Assamese,Assamese
alto relievo,alto relievos
break away,break aways
minimum,minimums
Chinese,Chinese
vertex,vertexes
agon,agones
bolero,boleros
cranium,craniums
scomber,scombri
miracidium,miracidia
flag-staff,flag-staffs
secretum,secreta
schisma,schismata
3-star general,3-star generals
tractellum,tractella
cultellus,cultelli
Lapith,Lapiths
guardia civil,guardias civiles
Asherah,Asherahs
streptococcus,streptococci
Bernese,Bernese
zoarium,zoaria
mya,myas
fecula,feculae
acicula,aciculae
Genevese,Genevese
cystidium,cystidia
pul,puls
lactobacillus,lactobacilli
cuniculus,cuniculi
rhythmus,rhythmi
rondeau,rondeaus
lineno,linenos
milieu,milieus
sarcophagus,sarcophagi
vaquero,vaqueros
idee fixe,idees fixes
pupa,pupae
cri de coeur,cris de coeur
silex,silices
spermatoon,spermatoa
uredinium,uredinia
pileus,pilei
xanthoma,xanthomas
commando,commandos
casino,casinos
mycorrhiza,mycorrhizas
lumbricus,lumbrici
supracleithrum,supracleithra
shelf,shelves
guano,guanos
Leonese,Leonese
atman,atmas
lied,lieder
papilla,papillae
tsuba,tsubas
dragoman,dragomen
decennium,decennia
carmen,carmens
quarto,quartos
cistophorus,cistophorori
postnatus,postnati
oxyuris,oxyurides
xiphoplastron,xiphoplastra
radix,radixes
glutaeus,glutei
coelia,coeliae
asyndeton,asyndeta
dipsas,dipsades
radius,radiuses
espresso,espressos
fiasco,fiascos
base,bases
hydria,hydriae
nova,novas
vaporetto,vaporettos
bulimus,bulimi
terrarium,terrariums
cementoma,cementomata
genius,geniuses
haustrum,haustra
zita,ziti
cavea,caveae
anti serum,anti serums
Buginese,Buginese
choana,choanae
peninsula,peninsulas
scriptorium,scriptoriums
regidor,regidors
hoof,hoofs
whosesoever,whosesoever
pulmonarium,pulmonaria
zeitgeber,zeitgebers
siemens,siemens
whomsoever,whomsoever
Colombo,Colombos
shomer,shomrim
staminidium,staminidia
tagma,tagmata
cappuccino,cappuccinos
thos,thoes
nautilus,nautiluses
ammo,ammos
rione,rioni
scutulum,scutula
inuk,inuit
udarnik,udarniki
intermezzo,intermezzos
five star general,five star generals
parnas,parnassim
virga,virgae
testis,testes
Niasese,Niasese
short,shorts
solvus,solvi
indigena,indigenae
interradius,interradii
miliola,miliolae
trockenbeerenauslese,trockenbeerenauslesen
trabecula,trabeculae
cornetto,cornetti
brother-german,brothers-german
cheval,chevaux
pedalo,pedalos
Dongolese,Dongolese
psammoma,psammomata
quartz,quartzes
memento,mementos
zingano,zingani
xoanon,xoana
canaliculus,canaliculi
mezuza,mezuzoth
ax,axes
apparatus,apparatuses
punctum,puncta
alga,algae
his,theirs
flatfoot,flatfoots
varella,varellaes
carabiniere,carabinieri
zloty,zlotys
lemma,lemmas
subbotnik,subbotniks
oto,otos
osmeterium,osmeteria
nephridium,nephridia
clavula,clavulae
romanze,romanzen
scherzo,scherzos
wanderjahr,wanderjahre
explanandum,explananda
radiale,radialia
cognoscente,cognoscenti
meningioma,meningiomas
ramus,rami
gymnotus,gymnoti
nachtlokal,nachtlokale
stamen,stamen
strobilus,strobili
mixolimnion,mixolimnia
go,goes
nimbus,nimbuses
optimum,optimums
confluvium,confluvia
micrococcus,micrococci
satelles,satellites
salpa,salpas
kilo,kilos
sequestrum,sequestra
Togo,Togos
prytanis,prytanes
antiserum,antisera
caribou,caribous
amoeba,amoebas
manubrium,manubriums
didymis,didymes
cherub,cherubs
braccio,braccia
measles,measles
cayman,caymans
Panaman,Panamans
cyclops,cyclopses
myself,ourselves
paraglossa,paraglossae
monosyllabon,monosyllaba
gaon,gaons
four-star general,four-star generals
pseudostoma,pseudostomata
autostrada,autostradas
trumeau,trumeaux
apparatchik,apparatchiks
dolphinarium,dolphinariums
verruca,verrucae
math,maths
uva,uvae
conferva,confervae
hemangeioma,hemangeiomas
aelf,aelfe
sandr,sandrs
granita,granite
sertularia,sertularias
Genoese,Genoese
principium,principia
Goanese,Goanese
lebensform,lebensformen
xystus,xysti
tooth,teeth
Maracaibo,Maracaibos
zooea,zooeae
Nankingese,Nankingese
shaman,shamans
zemirah,zemiroth
taxis,taxes
lino,linos
pteroma,pteromata
squilla,squillae
tuberculoma,tuberculomas
stigmaria,stigmariae
macacus,macaci
vallecula,valleculae
hijinks,hijinks
Czech,Czechs
orthoceras,orthocerata
risotto,risottos
scandalum magnatum,scandala magnatum
pithos,pithoi
syllabus,syllabuses
clitoris,clitorises
organon,organa
listeria,listerias
sum total,sum totals
piscina,piscinas
promerops,promeropes
ox, oxen
oxen, oxen
malleolus,malleoli
crowfoot,crowfoots
monsignor,monsignors
capo,capos
pike,pikes
syrinx,syrinxes
frizz,frizzes
gena,genae
sinus,sinuses
lymphangioma,lymphangiomata
jazz,jazzes
cornu,cornua
synusia,synusiae
sphaeridium,sphaeridia
stomatium,stomatia
scungille,scungilli
descriptum,descripta
axilla,axillae
tomium,tomia
ulpan,ulpanim
tondo,tondi
bon vivant,bon vivants
precognitum,precognita
suprascapula,suprascapulae
sestertium,sestertia
medusa,medusas
fanfoot,fanfoots
uncinus,uncini
Porto-Novo,Porto-Novos
life,lives
fait accompli,faits accomplis
hedron,hedrons
sis,ses
sacculus,sacculi
pyla,pylae
stucco,stuccos
papilloma,papillomata
loculus,loculi
poncho,ponchos
caudex,caudices
solstitium,solstitia
macula,maculas
axe,axes
bordereau,bordereaux
Bolognese,Bolognese
voorbok,voorbokke
two-star general,two-star generals
non ens,nonentia
vermiculus,vermiculi
hemi elytrum,hemi elytra
felo,felones
sphex,spheges
ischium,ischia
camera obscura,camera obscuras
sacellum,sacella
cleithrum,cleithra
conidium,conidia
strambotto,strambotti
squadrist,squadrists
ogle,oglys
fauna,faunas
fibrilla,fibrillae
Kongoese,Kongoese
Gabunese,Gabunese
Faro,Faros
cul-de-sac,culs-de-sac
Muranese,Muranese
brother,brothers
ephemera,ephemeras
knopper,knoppers
monsignore,monsignori
milieu interieur,milieux interieurs
man milliner,man milliners
intermaxilla,intermaxillae
argumentum,argumenta
washer up,washers up
Tacoman,Tacomans
subsidium,subsidia
syndendrium,syndendria
epidermis,epidermises
rom,roms
them,them
ricercar,ricercars
mongoose,mongooses
Tirolese,Tirolese
angioma,angiomata
gringo,gringos
viaticum,viatica
rhinophyma,rhinophymas
porron,porrons
famulus,famuli
kimono,kimonos
afrit,afrits
peronium,peronia
mew,mews
thyridium,thyridia
condottiere,condottieri
nouveau pauvre,nouvelle pauvre
Boto,Botos
albino,albinos
scutellum,scutella
basilica,basilicas
mimosa,mimosas
Romagnese,Romagnese
compendium,compendiums
velarium,velaria
malagma,malagmata
ovolo,ovoli
Maputo,Maputos
monas,monades
matin,matins
crus,crura
portiforium,portiforia
vermicello,vermicellos
Hoosierese,Hoosierese
leproma,lepromas
pinax,pinaces
momentum,momentums
plateau,plateaus
soshi,soshi
sensillum,sensilla
politico,politicos
barrico,barricoes
sbirro,sbirri
cantharus,canthari
nucleolonema,nucleolonemas
Hiroshiman,Hiroshimans
pathos,pathoses
cilantro,cilantros
telamon,telamones
platypus,platypuses
imbrex,imbrices
politbureau,politbureaus
oxymoron,oxymorons
formula,formulas
apex,apexes
corpusculum,corpuscula
bongo,bongos
pharmakos,pharmakoi
pollinarium,pollinaria
synedrium,synedria
embryoma,embryomata
precis,precis
stasimon,stasimons
nse,nses
fossa,fossae
tobacco,tobaccos
hamulus,hamuli
collegium,collegia
libretto,librettos
wreath,wreaths
yo-yo,yo-yos
tenia,tenias
silo,silos
snipe,snipes
mondo,mondi
basis,bases
quinquennium,quinquennia
gonimium,gonimia
info,infos
coney,coneys
latex,latexes
major general,major generals
motto,mottos
tolkach,tolkachi
corps,corps
chaeta,chaetae
hers,theirs
whoever,whoever
squadra,squadre
bias,biases
Kokako,Kokakos
syllabarium,syllabaria
succus,succi
fro,froes
striatum,striata
thorax,thoraxes
coagulum,coagula
alan,alans
ganglion,ganglions
forum,forums
dentalium,dentalia
gametangium,gametangia
kouros,kouroi
shochet,shochetim
propleuron,propleura
vestigium,vestigia
abstractum,abstracta
nubecula,nubeculae
bersagliere,bersaglieri
psycho,psychos
syncytium,syncytia
species,species
hyperbaton,hyperbata
tragus,tragi
larnax,larnakes
lacunar,lacunars
lymphoma,lymphomas
ovarium,ovaria
headquarters,headquarters
Sikkimese,Sikkimese
vibrato,vibratos
soma,somas
synechia,synechiae
castrum,castra
suffrutex,suffrutices
leman,lemans
soredium,soredia
ox,oxen
lar,lars
charisma,charismas
synedrion,synedria
pulsellum,pulsella
nexus,nexuses
vasculum,vasculums
Viennese,Viennese
trattoria,trattorias
mycoplasma,mycoplasmas
hairdo,hairdos
Lilo,Lilos
craspedon,craspeda
lumbago,lumbagos
cladus,cladi
pro,pros
metalimnion,metalimnia
microfiche,microfiches
herself,themselves
impetus,impetuses
glasses,glasses
proscolla,proscollae
thema,themata
modus,moduses
vorstellung,vorstellungen
womanchild,womenchildren
foramen,foramens
oratrix,oratrices
blues,blues
lieu,lieus
pence,pence
agape,agapes
logion,logia
pes,pedes
pycnium,pycnia
miles gloriosus,milites gloriosi
pycnidium,pycnidia
syntaxis,syntaxes
crazia,crazie
tong,tongs
Harlemese,Harlemese
modelletto,modelletti
pleurum,pleura
hake,hakes
Borghese,Borghese
calix,calices
Zibo,Zibos
thalamus,thalami
dace,daces
its,theirs
sensoriolum,sensoriola
oceanarium,oceanaria
ichthyosaurus,ichthyosauri
scholium,scholia
cheval-de-bataille,chevaux-de-bataille
cannabis,cannabises
calzone,calzones
pycnis,pycnides
moose,moose
lacuna,lacunas
junto,juntos
court martial,court-martials
costa,costae
toxicum,toxica
squalus,squali
chou,choux
silbador,silbadors
curriculum,curriculums
pliers,pliers
tumulus,tumuli
kylix,kylixes
yes,yeses
curioso,curiosos
matzah,matzahs
knife,knives
craspedum,craspeda
pimento,pimentos
graffiti,graffiti
sum-total,sum-totals
Silurus,Siluri
naya paisa,naye paise
fly,flies
bandeau,bandeaux
pernio,perniones
exencephalus,exencephali
tempo,tempos
Paramaribo,Paramaribos
nomisma,nomismata
rond de jambe,rond de jambes
Londonese,Londonese
malleus,mallei
gmina,gminy
bon mot,bon mots
mousetrap,mousetraps
sachverhalt,sachverhalte
rhomboideus,rhomboidei
sheep,sheep
cercus,cerci
mono,monos
paraganglion,paraganglia
toril,toriles
solarium,solaria
tenderfoot,tenderfoots
Yuman,Yumans
zucca,zucche
mesothelioma,mesotheliomas
surimono,surimonos
sephardi,sephardim
propodium,propodia
maquereau,maquereaux
embryo,embryos
mycorhiza,mycorhizas
bacterium,bacteria
Macassarese,Macassarese
Ceylonese,Ceylonese
juelet,iueles
mithraeum,mithraea
haustellum,haustella
anta,antae
sphagnum,sphagnums
ottoman,ottomans
microbion,microbia
concerto grosso,concerti grossi
vorspiel,vorspiele
ragazzo,ragazzi
gyro,gyros
coco,cocos
nympheum,nymphea
magma,magmas
toxius,toxii
ri,ri
rete,retia
vibraculum,vibracula
hormogonium,hormogonia
scapula,scapulas
hetaera,hetaerae
rhizoma,rhizomas
melisma,melismas
individuum,individuums
Montenegro,Montenegros
saddo,saddos
blouse,blouses
mantelletta,mantellette
meniscus,menisci
granula,granulae
thyrsus,thyrsi
faecula,faeculae
Orinoco,Orinocos
pyrophorus,pyrophori
two star general,two star generals
non-ens,nonentia
chassis,chassis
sensedatum,sensedata
devoto,devotos
striola,striolae
odeum,odea
lentiscus,lentisci
floccus,flocci
sirocco,siroccos
ophiophagus,ophiophagi
pants,pants
stomach,stomachs
plexus,plexuses
canzonetta,canzonettas
pelta,peltae
shorts,shorts
sporodochium,sporodochia
pinna,pinnas
poise,poises
sanctum sanctorum,sancta sanctorum
whose,whose
involucrum,involucra
intertrigo,intertrigos
penni,pennia
incubus,incubuses
sanatorium,sanatoriums
gizmo,gizmos
wife,wives
elk,elks
uterus,uteruses
5 star general,5 star generals
parison,parisa
manifesto,manifestos
enema,enemas
prolegomenon,prolegomena
planctus,planctus
sezession,sezessionen
lingo,lingos
vesicula,vesiculae
mackerel,mackerels
cubiculum,cubicula
contagium,contagia
Idaho,Idahos
pendulum,pendulums
explicandum,explicanda
globigerina,globigerinae
reich,reiche
vaalpens,vaalpens
bursitis,bursitises
zoaea,zoaeae
guy,guys
cul de four,culs de four
pogo,pogos
noumenon,noumena
legomenon,legomena
ommatidium,ommatidia
Faroese,Faroese
spadix,spadixes
replum,repla
sipunculus,sipunculi
cynocephalus,cynocephali
anthodium,anthodia
bursa,bursae
jugum,juga
spermatium,spermatia
vagina,vaginas
scoria,scorias
demo,demos
palea,paleae
ngwee,ngwee
afreet,afreets
pallium,pallia
macaroni,macaronies
synapticula,synapticulas
focus,focuses
flagellum,flagella
linea,lineae
stomion,stomia
myxoma,myxomata
tombarolo,tombaroli
stiletto,stilettoes
studium generale,studia generali
Porto Novo,Porto Novos
seta,setae
blemya,blemyae
raggare,raggares
spatha,spathae
parabolanus,parabolani
genus,genera
what,what
pincers,pincers
thymiaterion,thymiateria
pied noir,pieds noirs
pteropus,pteropi
serpula,serpulae
jacobus,jacobuses
noema,noemata
territorium,territoria
bierstube,bierstubes
contadina,contadine
enigma,enigmas
efreet,efreets
conoscente,conoscenti
Yamoussoukro,Yamoussoukros
haustorium,haustoria
Burman,Burmans
arango,arangoes
mouse,mice
stornello,stornelli
hemera,hemerae
modello,modellos
prodromus,prodromi
sedile,sedilia
memorandum,memorandums
trapezohedron,trapezohedrons
laika,laiki
prosencephalon,prosencephala
army corps general,army corps generals
limes,limites
umbilicus,umbilicuses
vomica,vomicas
pillie,pilleis
bolus,boluses
magnum opus,magnum opuses
tuber,tuberes
cow,cows
contango,contangos
lithodomus,lithodomi
tropis,tropides
acinus,acini
gymnasium,gymnasiums
schistosomulum,schistosomula
plasmoma,plasmomata
apsis,apsides
one-star general,one-star generals
astrocytoma,astrocytomas
Yakiman,Yakimans
rilievo,rilievos
labrum,labra
denkmal,denkmaler
macro,macros
Sarajevo,Sarajevos
Tonkinese,Tonkinese
Johnsonese,Johnsonese
Navarrese,Navarrese
Hottentotese,Hottentotese
thief,thieves
prima donna,prima donnas
archegonium,archegonia
Parmese,Parmese
do,does
to,toes
altorelievo,altorelievos
wadi,wadies
extispex,extispices
Kakapo,Kakapos
Sacramento,Sacramentos
neutrino,neutrinos
harman,harmans
glioma,gliomata
Havanese,Havanese
dais,daises
octavo,octavos
froe,froes
rococo,rococos
arcanum,arcana
corona,coronas
sequela,sequelae
statera,staterae
breakaway,breakaways
hetman,hetmans
corno,corni
parhelion,parhelions
refugium,refugia
podere,poderi
avicularium,avicularia
prima ballerina,prima ballerinas
bath,baths
libido,libidos
2 star general,2 star generals
hapteron,haptera
loco,locos
triens,trientes
triclinium,triclinia
manteau,manteaus
amorino,amorini
ethos,ethoses
cystoma,cystomata
erf,erfs
rhynchodaeum,rhynchodaea
Nicobarese,Nicobarese
thelycum,thelyca
tarantata,tarantate
bruschetta,bruschette
auslese,ausleses
urodaeum,urodaea
meliceris,melicerides
solidus,solidi
parabola,parabolas
hymenium,hymenia
ilium,ilia
megatherium,megatheria
set off,set offs
plesiosaurus,plesiosauri
break-away,break-aways
jackanapes,jackanapes
stomodaeum,stomodea
phalangium,phalangia
signum,signa
nockerl,nockerln
adieu,adieus
editio princeps,editiones principes
ens rationis,entia rationis
toxoplasma,toxoplasmata
carex,carices
auto de fe,auto de fes
centumvir,centumviri
Amboinese,Amboinese
trichina,trichine
operculum,opercula
news,news
Gilbertese,Gilbertese
protococcus,protococci
Calabrese,Calabrese
myo,myos
areola,areolae
haruspex,haruspices
potestas,potestates
parvenu,parvenus
Filipino,Filipinos
monochasium,monochasia
lord lieutenant,lord lieutenants
Congoese,Congoese
iris,irises
panino,panini
fricandeau,fricandeaux
secundagravida,secundagravidas
ritardando,ritardandos
Nenets,Nenets
magus,magi
pyralis,pyralides
celia,celiae
fraenum,fraena
appendix,appendixes
versiculus,versiculi
sumo,sumos
bacillus,bacilli
status,statuses
phylum,phylums
auspex,auspices
parergon,parerga
musique concrete,musiques concretes
peridium,peridia
farman,farmans
ens reale,entia realia
plankter,plankton
leaf,leaves
neurinoma,neurinomas
busto,bustos
beerenauslese,beerenauslesen
patagium,patagia
sacrum,sacrums
xiphiplastron,xiphiplastra
gousblom,gousblomme
podion,podia
paraselene,paraselenae
arf,arves
carcinoma,carcinomas
finger end,finger ends
goose,geese
vibex,vibices
tortrix,tortrices
kernos,kernoi
pyxidium,pyxidia
placitum,placita
trilby,trilbys
ambulacrum,ambulacra
galla,gallas
Hainanese,Hainanese
polythecium,polythecia
hypolimnion,hypolimnia
triradius,triradii
felsenmeer,felsenmeere
bulla,bullae
somaten,somatenes
caffe macchiato,caffe macchiatos
Amoyese,Amoyese
gonangium,gonangia
6 star general,6 star generals
chitarrone,chitarroni
Vermontese,Vermontese
doe,does
toe,toes
ale-wife,ale-wives
competent,competentes
mouth,mouths
meta,metae
ovulum,ovula
